<?xml version="1.0" encoding="UTF-8"?><apns version="1">
  <apn name="Gmobile MMS" apn="mms" mmsproxy="10.16.70.199" mmsport="8080" user="mms" password="mms" mmsc="http://mms" mcc="452" mnc="07" numeric="45207" authtype="1" protocol="IP" roaming_protocol="IP" type="mms" carrier_enabled="1" roaming="0" bearer_bitmask="0" nwkname="Gmobile" preferred="0" editable="1" profile_id="0" modem_cognitive="0" mtu="0" skip_464xlat="-1" salesCode="XXV"/>
  <apn name="Gmobile Email" apn="internet" mcc="452" mnc="07" numeric="45207" authtype="1" protocol="IP" roaming_protocol="IP" type="default,supl" carrier_enabled="1" roaming="0" bearer_bitmask="0" nwkname="Gmobile" preferred="0" editable="1" profile_id="0" modem_cognitive="0" mtu="0" skip_464xlat="-1" salesCode="XXV"/>
  <apn name="VN MobiFone MMS" apn="m-i090" mmsproxy="203.162.21.114" mmsport="3130" user="mms" password="mms" mmsc="http://203.162.21.114/mmsc" mcc="452" mnc="01" numeric="45201" authtype="1" protocol="IPV4V6" roaming_protocol="IP" type="mms" carrier_enabled="1" roaming="0" bearer_bitmask="0" nwkname="VN MobiFone" preferred="0" editable="1" profile_id="0" modem_cognitive="0" mtu="0" skip_464xlat="-1" salesCode="XXV"/>
  <apn name="VN MobiFone Email" apn="m-wap" user="mms" password="mms" mcc="452" mnc="01" numeric="45201" authtype="1" protocol="IPV4V6" roaming_protocol="IP" type="default,supl" carrier_enabled="1" roaming="0" bearer_bitmask="0" nwkname="VN MobiFone" preferred="0" editable="1" profile_id="0" modem_cognitive="0" mtu="0" skip_464xlat="-1" salesCode="XXV"/>
  <apn name="ims" apn="ims" mcc="452" mnc="01" numeric="45201" authtype="0" protocol="IPV4V6" roaming_protocol="IP" type="ims" carrier_enabled="1" roaming="0" bearer_bitmask="0" nwkname="VN MobiFone" preferred="0" editable="1" profile_id="0" modem_cognitive="0" HiddenStatus="hidden" mtu="1300" skip_464xlat="-1" salesCode="XXV"/>
  <apn name="xcap" apn="xcap" mcc="452" mnc="01" numeric="45201" authtype="0" protocol="IPV4V6" roaming_protocol="IP" type="xcap" carrier_enabled="1" roaming="0" bearer_bitmask="0" nwkname="VN MobiFone" preferred="0" editable="1" profile_id="0" modem_cognitive="0" HiddenStatus="hidden" mtu="1300" skip_464xlat="-1" salesCode="XXV"/>
  <apn name="reddi APN" apn="m9-reddi" mcc="452" mnc="09" numeric="45209" authtype="1" protocol="IPV4V6" roaming_protocol="IP" type="default,supl" carrier_enabled="1" roaming="0" bearer_bitmask="0" nwkname="reddi" preferred="0" editable="1" profile_id="0" modem_cognitive="0" mtu="0" skip_464xlat="-1" salesCode="XXV"/>
  <apn name="VN VINAPHONE MMS" apn="m3-mms" mmsproxy="10.1.10.46" mmsport="8000" user="mms" password="mms" mmsc="http://mms.vinaphone.com.vn" mcc="452" mnc="02" numeric="45202" authtype="1" protocol="IPV4V6" roaming_protocol="IP" type="mms" carrier_enabled="1" roaming="0" bearer_bitmask="0" nwkname="VN VINAPHONE" preferred="0" editable="1" profile_id="0" modem_cognitive="0" mtu="0" skip_464xlat="-1" salesCode="XXV"/>
  <apn name="VN VINAPHONE IMS" apn="ims" mcc="452" mnc="02" numeric="45202" authtype="1" protocol="IPV4V6" roaming_protocol="IP" type="ims" carrier_enabled="1" roaming="0" bearer_bitmask="0" nwkname="VN VINAPHONE" preferred="0" editable="0" profile_id="0" modem_cognitive="0" mtu="1300" skip_464xlat="-1" salesCode="XXV"/>
  <apn name="VN VINAPHONE Email" apn="m3-world" user="mms" password="mms" mcc="452" mnc="02" numeric="45202" authtype="1" protocol="IPV4V6" roaming_protocol="IP" type="default,supl" carrier_enabled="1" roaming="0" bearer_bitmask="0" nwkname="VN VINAPHONE" preferred="0" editable="1" profile_id="0" modem_cognitive="0" mtu="0" skip_464xlat="-1" salesCode="XXV"/>
  <apn name="VN VINAPHONE XCAP" apn="XCAP" mcc="452" mnc="02" numeric="45202" authtype="1" protocol="IPV4V6" roaming_protocol="IP" type="xcap" carrier_enabled="1" roaming="0" bearer_bitmask="0" nwkname="VN VINAPHONE" preferred="0" editable="1" profile_id="0" modem_cognitive="0" mtu="0" skip_464xlat="-1" salesCode="XXV"/>
  <apn name="VN Vietnamobile MMS" apn="mms" mmsproxy="010.010.128.044" mmsport="8080" mmsc="http://10.10.128.58/servlets/mms" mcc="452" mnc="05" numeric="45205" authtype="1" protocol="IP" roaming_protocol="IP" type="mms" carrier_enabled="1" roaming="0" bearer_bitmask="0" nwkname="VN Vietnamobile" preferred="0" editable="1" profile_id="0" modem_cognitive="0" mtu="0" skip_464xlat="-1" salesCode="XXV"/>
  <apn name="VN Vietnamobile IMS" apn="ims" mcc="452" mnc="05" numeric="45205" authtype="1" protocol="IPV4V6" roaming_protocol="IP" type="ims" carrier_enabled="1" roaming="0" bearer_bitmask="0" nwkname="VN Vietnamobile" preferred="0" editable="0" profile_id="0" modem_cognitive="0" mtu="1300" skip_464xlat="-1" salesCode="XXV"/>
  <apn name="VN Vietnamobile Email" apn="internet" mcc="452" mnc="05" numeric="45205" authtype="0" protocol="IP" roaming_protocol="IP" type="default,supl" carrier_enabled="1" roaming="0" bearer_bitmask="0" nwkname="VN Vietnamobile" preferred="0" editable="1" profile_id="0" modem_cognitive="0" mtu="0" skip_464xlat="-1" salesCode="XXV"/>
  <apn name="itelecom" apn="m9-itelecom" mcc="452" mnc="08" numeric="45208" authtype="1" protocol="IP" roaming_protocol="IP" type="default,supl,mms" carrier_enabled="1" roaming="0" bearer_bitmask="0" nwkname="iTel" preferred="0" editable="1" profile_id="0" modem_cognitive="0" mtu="0" skip_464xlat="-1" salesCode="XXV"/>
  <apn name="VIETTEL MMS" apn="v-mms" mmsproxy="192.168.233.10" mmsport="8080" mmsc="http://mms.viettelmobile.com.vn/mms/wapenc" mcc="452" mnc="04" numeric="45204" authtype="1" protocol="IPV4V6" roaming_protocol="IP" type="mms" carrier_enabled="1" roaming="0" bearer_bitmask="0" nwkname="VIETTEL" preferred="0" editable="1" profile_id="0" modem_cognitive="0" mtu="0" skip_464xlat="-1" salesCode="XXV"/>
  <apn name="VIETTEL Email" apn="v-internet" mcc="452" mnc="04" numeric="45204" authtype="1" protocol="IPV4V6" roaming_protocol="IP" type="default,supl" carrier_enabled="1" roaming="0" bearer_bitmask="0" nwkname="VIETTEL" preferred="0" editable="1" profile_id="0" modem_cognitive="0" mtu="0" skip_464xlat="-1" salesCode="XXV"/>
  <apn name="VIETTEL XCAP" apn="xcap" mcc="452" mnc="04" numeric="45204" authtype="1" protocol="IPV4V6" roaming_protocol="IP" type="xcap" carrier_enabled="1" roaming="0" bearer_bitmask="0" nwkname="VIETTEL" preferred="0" editable="1" profile_id="0" modem_cognitive="0" mtu="0" skip_464xlat="-1" salesCode="XXV"/>
  <apn name="VIETTEL IMS" apn="ims" mcc="452" mnc="04" numeric="45204" authtype="1" protocol="IPV4V6" roaming_protocol="IP" type="ims" carrier_enabled="1" roaming="0" bearer_bitmask="0" nwkname="VIETTEL" preferred="0" editable="1" profile_id="0" modem_cognitive="0" mtu="0" skip_464xlat="-1" salesCode="XXV"/>
</apns>
